company,email,phone,domain,source_url,consent_status,verification_status,overall_score,raw_text_snippet
Aa Travel,info@aatravel.ca,+1416-335-6026,aatravel.ca,https://aatravel.ca,legitimate_interest,email_verified,25.61,Best Hajj & Umrah packages for 2024 by A & A Travel & Tours (Formerly known as Baggia Travels)
Ababil Travel,info@ababiltravel.com,01582 249559,ababiltravel.com,https://ababiltravel.com,legitimate_interest,email_verified,26.42,Trusted Umrah &  Ticketing Solutions in Luton!
Accurate Travel S,iqbal@accuratetravels.com,416-264-9299,accuratetravels.com,https://accuratetravels.com/contact_us.php,unknown,email_verified,25.06,"Accurate Travel & Tours offer pre-designed & customized Umrah & Hajj packages including all hotel booking, air tickets, breakfast & dedicated travel to destination"
Sadat Hajj & Umrah,admin@agentrav.com,01254 368193,agentrav.in,https://agentrav.in/company/15228-sadat-hajj-umrah,unknown,email_verified,23.04,"Sadat Hajj and Umrah is a leading provider of group arranged fully inclusive Hajj packages and tailo • Located in Blackburn, England • Specializing in Isla..."
Ayesha Hajj & Umrah Services,info@ahus.co.nz,+14083246340,ahus.co.nz,https://ahus.co.nz/umrah,legitimate_interest,email_verified,21.25,Umrah
Wakeel Worldwide Travel,info@al-wakeelhajjandumrah.com,50 0225 1 0325 1000,al-wakeelhajjandumrah.com,https://www.al-wakeelhajjandumrah.com/umrah-packages,legitimate_interest,email_verified,26.92,Umrah Packages
Alalaa Travel Hajj and Umrah Tours,info@alalaatravel.com,,alalaatravel.com,https://www.alalaatravel.com/site/about.php,legitimate_interest,email_verified,20.70,Alalaa Travel is your source for Hajj travel from the USA. Check out our comprehensive 2022 packages for Hajj and Umrah Tours
Al Badar Travel UK,sales@albadartravel.co.uk,0121 773 4918,albadartravel.co.uk,https://albadartravel.co.uk,legitimate_interest,email_verified,27.81,"Al Badar Travel is one of the West Midland's leading travel agents, located in the heart of Birmingham offering Hajj and Umrah packages at lowest possible rates."
albaseerahtravel,info@albaseerah.travel,01274 317 867,albaseerah.travel,https://www.albaseerah.travel,legitimate_interest,email_verified,25.25,Albaseerah Travel - A Bradford based travel agency offering premier 5* Hajj & Umrah packages. Perform Hajj 2026 with us by enquiring now.
Al Eimaan Travel » Contact Us,info@aleimaantravel.co.za,+966 54 343 100 72,aleimaantravel.co.za,https://aleimaantravel.co.za/contact-us,legitimate_interest,email_verified,26.92,Al Eimaan Travel
Alfalah Travel and Tourism,info@alfalahtravelandtourism.com,,alfalahtravelandtourism.com,https://alfalahtravelandtourism.com/about-us,legitimate_interest,email_verified,23.20,Discover the Essence of Alfalah Travel & Tours.
Alhadi Travel,info@alhaditravel.co.uk,0203 930 0817,alhaditravel.co.uk,https://alhaditravel.co.uk/city/sheffield-umrah-packages,legitimate_interest,email_verified,25.44,Alhadi Travel offers top-rated Umrah Packages Sheffield. ATOL & IATA certified for reliability. Start your journey today with us.
Alhaq Tours,info@alhaqtours.com,312) 923 - 7866,alhaqtours.com,https://alhaqtours.com/chicago-umrah-packages.html,legitimate_interest,email_verified,21.25,"Book all-inclusive Chicago Umrah Packages 2026 with Alhaq Tours. Get flights, visa, transport, and hotels near Haramain at the best prices."
Alhaq Travel,quotes@alhaqtravel.co.uk,020 34757513,alhaqtravel.co.uk,https://www.alhaqtravel.co.uk/contact-us,unknown,email_verified,26.42,Contact US | Alhaq Travel UK  | 020 34757513
Alharam travel,info@alharamtravel.co.uk,+447417471247,alharamtravel.co.uk,https://www.alharamtravel.co.uk/offers/umrah-packages-bradford,legitimate_interest,email_verified,24.80,"We offer Umrah packages from Bradford with economical to luxury arrangements. Return flights from Bradford. 5 star, 4 star, and 3 star hotel options in Makkah and Medina. We make it affordable with advance Umrah Services. Savings up to 30%, flexible payment options."
Alharam Travel,info@alharamtravel.com,888-608-1057,alharamtravel.com,https://www.alharamtravel.com,legitimate_interest,email_verified,24.73,"AlHaram Travel is a leading Hajj & Umrah services provider that specializes in designing Hajj & Umrah packages for USA citizens. Select flights from nearest USA airport, choose near Haram hotel & get fast visa processing while booking all-inclusive Hajj & Umrah packages. Avail professional assistance from certified tra"
Al Haram Travel and Tours,info@alharamtravelntours.com,+1 (623) 404-4213,alharamtravelntours.com,https://alharamtravelntours.com/umrah-from-san-francisco,legitimate_interest,email_verified,26.03,"Book Umrah from San Francisco with complete travel services, flights, hotels near Haram, visa assistance & group packages for US pilgrims."
Alhijra Travel BV,booking@alhijratravel.com,+31 010 226 20 98,alhijratravel.nl,https://www.alhijratravel.nl/categorie/hadj,unknown,email_verified,27.25,Hadj
ALMAASI NUJOOM,nujoomalmaasi@mweb.co.za,061 495 4745,almaasinujoom.co.za,https://www.almaasinujoom.co.za,unknown,email_verified,25.20,"Experience premium Hajj and Umrah packages with ALMAASI NUJOOM. Offering luxury accommodations, expert guidance, and complete travel services for your spiritual journey to Makkah and Madina."
Almaknoon Travel S,info@almaknoontravels.co.uk,+44 208 4786 886,almaknoontravels.co.uk,https://almaknoontravels.co.uk/contact-us,legitimate_interest,email_verified,21.25,Contact Us
Al Momin Travels,info@almomintravel.co.uk,+442032890000 16,almomintravel.co.uk,https://almomintravel.co.uk/about-us,legitimate_interest,email_verified,25.31,"Learn about Al Momin Travel, a UK-based agency offering reliable Umrah packages, expert guidance, and seamless travel experiences for pilgrims."
Al Musafir Travel,info@almusafirtravel.co.uk,+44 20 3504 1840,almusafirtravel.co.uk,https://almusafirtravel.co.uk/glasgow,legitimate_interest,email_verified,25.25,"Umrah Travel Agency Glasgow offers affordable Umrah packages, visa assistance, hotel bookings, and complete travel arrangements for a smooth and spiritual pilgrimage."
Al Raad Tours & Travel,info@alraadtours.com,678-677-2807,alraadtours.com,http://www.alraadtours.com/contact-us,legitimate_interest,email_verified,25.31,"Reach out to Al Raad Tours for Hajj & Umrah inquiries. Call 678-677-2807 or email info@alraadtours.com. Visit us in Atlanta, GA."
Alraheem Travel S,info@alraheemtravels.com,2025 2025-05-21,alraheemtravels.com,http://alraheemtravels.com/blogs/best-umrah-travel-agency-in-arizona,legitimate_interest,email_verified,25.25,"Looking for the Best Umrah Travel Agency in Arizona USA? Alraheem Travels offers Affordable Umrah Packages 2025 with flights, hotels, Visa & Imam guidance."
Umrah from San Francisco,info@safwatours.com,+1 (872) 263-9805,alsafwatours.com,https://alsafwatours.com/umrah-from-san-francisco,legitimate_interest,email_verified,21.25,Umrah from San Francisco
Shafie Travels,info@alshafietravels.com,+1(718) 973-9626,alshafietravels.com,https://alshafietravels.com/umrah-packages-houston,legitimate_interest,email_verified,23.92,"Explore Umrah packages from Houston 2026 with flights, hotels and visa support. Check Umrah packages Houston prices and plan your trip with Al Shafie Travels."
Agence agréée omra et Hajj,info.alsirate@gmail.com,+33 3 74 09 06 39 229,alsiratevoyage.com,https://www.alsiratevoyage.com/omra-marseille,unknown,email_verified,21.25,"Omra Marseille avec votre agence agrée Omra et Hajj, Alsirate Voyage, implantée dans différentes villes de France. Prix pas cher! Réservez!"
Umrah Travel Agency UK,info@alzowartravel.co.uk,020 3504 2326 13,alzowartravel.co.uk,https://alzowartravel.co.uk,legitimate_interest,email_verified,25.31,"Best Umrah Travel agency in UK, Al Zowar Travel offers Hajj and Umrah services, expert guidance, Dedicated support and ATOL protected."
Amana Travel Canada,booking@amanatravel.ca,1(888) 909-2651,amanatravel.ca,https://amanatravel.ca,unknown,email_verified,24.88,"Discover Amana Travel, your trusted travel agency in Edmonton for dream vacations and Umrah packages. We offer expert planning, exclusive deals, and personalized services to make your trip unforgettable. Book your next vacation or Umrah journey with us today!"
Aqdas Travel,info@aqdastravel.co.uk,0203 504 1818,aqdastravel.co.uk,https://aqdastravel.co.uk/umrah-packages-from-liverpool,legitimate_interest,email_verified,25.20,"Umrah Packages From Liverpool for families & mosque groups. Direct flights, Northwest support, ATOL protected. 9 years, 20,000+ pilgrims."
Ark Travelers AB,info@arktravelers.com,+46 700 101 401,arktravelers.com,https://www.arktravelers.com,legitimate_interest,email_verified,25.25,"Ark Travelers AB makes travel easy worldwide. Flights, hotels, excursions, visas, and Umrah & Hajj packages handled with care and personal attention."
A WAY TO MAKKAH,info@awaytomakkah.com,07838648097,awaytomakkah.com,https://awaytomakkah.com,legitimate_interest,email_verified,27.49,Find affordable Umrah Packages and spiritual travel services at Away to Makkah for a fulfilling pilgrimage experience.
Azaan Travel,info@azaantravel.com,+45 29 41 91 44,azaantravel.com,https://azaantravel.com,legitimate_interest,email_verified,25.52,Vi har hos Azaan Travel mange års erfaring i at tilbyde rejser til forskellige destinationer.
specialising in Hajj & Umrah Tours,admin@barakahtravel.co.za,+27 74 046 4101,barakahtravel.co.za,https://barakahtravel.co.za,unknown,email_verified,21.25,Embark on an Unforgettable Journey
Hajj And Umrah,inquiry@bestwesttravel.com,0449965678,bestwesttravel.com.au,https://bestwesttravel.com.au/hajj-and-umrah,unknown,email_verified,26.23,Experience Spiritual Serenity with Trusted Pilgrimage Services
Bismillah Hajj and Umrah Services,bismillahhajj2000@hotmail.com,,bismillahhajj.com,https://bismillahhajj.com,unknown,email_verified,21.25,Home - Bismillah Hajj and Umrah Services 416.883.9693 bismillahhajj2000@hotmail.com Home About Us Umrah Packages November Umrah December Umrah Hajj 2025 How to Register Important Information Important Places Common Questions Articles to Pack Arabic Words to Know Seminar Details Hajj Visa Requirements Contact Us Select
Bismillah Travel,info@bismillahtravel.co.uk,0208 145 7860,bismillahtravel.co.uk,https://www.bismillahtravel.co.uk/umrah-from-leicester.html,legitimate_interest,email_verified,25.20,"Book your Umrah package from Leicester with Bismillah Travel. All-inclusive Umrah packages with flights, 3-5 star hotels, visa services, transport & ziyarat tours."
Bismillah Travels,info@bismillahtravels.ca,647-407-6492,bismillahtravels.ca,http://www.bismillahtravels.ca/about.php,legitimate_interest,email_verified,21.25,desc
Bismillah Travels Canada,info@bismillahtravels.ca,403-536-8328,bismillahumrah.com,https://bismillahumrah.com/Packages/Contact,legitimate_interest,email_verified,21.25,Cheap Economy to 5 Star Umrah Packages from Toronto Montreal Calgary Saskatoon Edmonton to Jeddah Madina with side trip to Pakistan India Dubai Cairo Istanbul
Blackburn Travels,info@blackburntravels.co.uk,+44 1254 957786,blackburntravels.co.uk,https://blackburntravels.co.uk,legitimate_interest,email_verified,23.92,"Experience the spiritual journey of Umrah with ease and comfort. Our services ensure a peaceful, faith-filled experience, guiding you every step of the way"
British Haj Travel,booking@britishhajtravel.com,01772252996,britishhajtravel.com,https://britishhajtravel.com/umrah-package-from-manchester,unknown,email_verified,25.15,Certainly! Here's a professional and informative blog article tailored for an Umrah package departing from Manchester: Umrah Packages from Manchester: A
Builder Travel S Gmbh,n.elwy@buildertravel.com,015560807942,buildertravelsgmbh.de,https://buildertravelsgmbh.de,unknown,email_verified,25.81,Hajj and Umrah trips_Germany
Bukhari Tours,info@bukharitours.com,+44 7513 311939,bukharitours.co.uk,https://bukharitours.co.uk/contact-us,legitimate_interest,email_verified,25.25,"Get in touch with Bukhari Tours, the UK’s trusted Hajj & Umrah travel agency. Serving Manchester, London & Birmingham with expert Islamic travel guidance."
Hajj & Umrah Experts,info@buraqtravelsusa.com,+1 888-617-3061 690,buraqtravels.com,https://www.buraqtravels.com,legitimate_interest,email_verified,25.04,Your Trusted Partner for Hajj Umrah & Islamic Tourism
Canada Hajj Services,info@canadahajjservices.com,+1 778-323-0577,canadahajjservice.com,https://canadahajjservice.com,legitimate_interest,email_verified,21.25,Hajj 2026 Made Easy for Overseas Pakistani's in Canada & The United States
Caravan Hajj Umrah,info@caravanhajjumrah.com,+44 7428 786445,caravanhajjumrah.com,https://www.caravanhajjumrah.com,legitimate_interest,email_verified,24.88,"Experience a seamless Hajj or Umrah pilgrimage with our expert guidance. We offer affordable packages from London, UK. Including flights, visa assistance, accommodation, and 24/7 support. Book your spiritual journey today by Caravan Hajj & Umrah."
Umrah Travel & Halal Tours Company,enquiry@crescenttours.com.au,0420 800 894,crescenttours.com.au,https://crescenttours.com.au,unknown,email_verified,25.20,"With 78 years of experience, Crescent Tours offers premium, all-inclusive Halal & Umrah travel in Australia. Travel with experts who make every trip extraordinary!"
Crest Travel,info@cresttravel.co.za,031 303 2028,cresttravel.co.za,https://cresttravel.co.za/site,legitimate_interest,email_verified,28.27,For more information on Covid-19 click here
Crowntravels,info@crownetravels.com,+1 480-744-0060,crownetravels.com,https://crownetravels.com/new-york-umrah-packages,legitimate_interest,email_verified,23.92,Make your Makkah and Madinah journey stress-free with us by booking our Affordable Umrah packages from New York right now!
Hajj & Umrah Tours,info@cumberlandtours.ca,416-250-6200,cumberlandtours.ca,https://cumberlandtours.ca,legitimate_interest,email_verified,21.25,Hajj & Umrah  Tours.
daralharamtravels.co.uk,info@daralharamtravels.co.uk,0203 355 8850 65,daralharamtravels.co.uk,https://daralharamtravels.co.uk,legitimate_interest,email_verified,29.17,"Explore Umrah & Hajj packages at Dar Al Haram Travels Agency UK. Enjoy personalized services, affordable pricing & expert support for your journey."
Darelhuda Hajj,darelhudahajj@gmail.com,0031638799779,darelhudahajj.com,https://www.darelhudahajj.com,unknown,email_verified,23.92,De mooiste herinneringen creëren we samen
Dar El Mecca,darelmecca94@gmail.com,+1 919-426-2061,darelmecca.com,https://darelmecca.com/houston-umrah-packages,unknown,email_verified,21.25,"Explore trusted Umrah Packages from Houston with expert support, premium accommodations, and personalized planning—guided by Dar El Mecca."
Dawah Travels,info@dawahtravels.com,+1 (631) 772 0992,dawahtravels.com,https://dawahtravels.com/los-angeles-umrah-packages,legitimate_interest,email_verified,23.92,"Book Los Angeles Umrah Packages. We offer affordable packages from the USA with visa, flights & hotels included. Easy, fast, & service."
Dawn Travels,info@dawntravels.com,+1 212 244 1818,dawntravels.com,https://dawntravels.com/umrah-package-from-orlando.htm,legitimate_interest,email_verified,23.92,"Book 5-star Orlando Umrah Package for 5 nights stay with Dawntravels.com. Umrah from Orlando, package includes airline ticket, ground transportation and ziyarat, eVisa processing, VIP hotel accommodation with breakfast."
Pakker for Umrah,info@ditsamfund.dk,0001066408,ditsamfund.dk,https://ditsamfund.dk/kontakt,legitimate_interest,email_verified,21.25,Kontakt Dansk Islamisk Trossamfunds sekretariatet. Skriv en mail info@ditsamfund.dk eller ring direkte på hovednummeret: 41 33 33 04. Vi bestræber os i at besvare alle skriftlige henvendelser hurtigst muligt.
Dua Travels,sales@duatravels.co.uk,+44 7407 897415,duatravels.co.uk,https://duatravels.co.uk/umrah-packages-cardiff,legitimate_interest,email_verified,27.86,Dua Travels is an ATOL & IATA approved Umrah travel agent that can provide you the best Umrah Packages Cardiff and all over the UK. Book with confidence!
Elrisalah,info@elrisaalah.com,+31 617413886,elrisaalah.com,https://elrisaalah.com,legitimate_interest,email_verified,21.25,"2 Persoonskamer Saudi Airlines:
Amsterdam Jeddah –
Jeddah Amsterdam Makkah 15-02 t/m 22-02 Madinah 22-02 t/m 03-03 Makkah 03-03 t/m 28-03 € 4750 p.p."
Embassy Tours,booking@embassytours.com,+1 121-356-95950,embassytourshajjandumrah.com,https://embassytourshajjandumrah.com/about,unknown,email_verified,25.60,"Hajj & Umrah Packages from the USA – Embassy Tours Embassy Tours is your trusted partner for meaningful Hajj and Umrah experiences from the USA to the Holy Cities. With expertly designed pilgrimage packages departing from Los Angeles, New York, and other major cities, we guide you on every step of your sacred journey."
Etihad Travels for Assistance,info@etihadtravels.co.uk,0203 930 8114,etihadtravels.co.uk,https://etihadtravels.co.uk/contact-us,legitimate_interest,email_verified,23.92,"Contact us for the most affordable Umrah deals. Call us for instant Umrah, flight, and hotel bookings. 02039308114"
Euro Bangla Tours,info@eurobanglatours.com,0121 773 7700,eurobanglatours.co.uk,https://www.eurobanglatours.co.uk,legitimate_interest,email_verified,26.29,"Trusted Hajj & Umrah travel agency in Birmingham. Premium pilgrimage packages, expert guidance, visa processing. Experience the spiritual journey of a lifetime. Book now!"
Explore Hajj & Umrah Tours,info@explorehajjandumrah.com,7 (647) 537- 2840,explorehajjandumrah.com,https://explorehajjandumrah.com/best-umrah-travel-agency-in-toronto-2026-review-comparison,legitimate_interest,email_verified,25.37,"Looking for the best Umrah travel agency in Toronto? Compare services, prices & reviews to choose a trusted Umrah agency for 2026."
Falcon Travel,info@falcontravel.ca,1-844-774-2828,falcontravel.ca,https://falcontravel.ca,legitimate_interest,email_verified,25.20,"Falcon Travel offers Hajj, Umrah, Saudi visa services, and Islamic tours for Muslims across Canada. Trusted travel agency serving pilgrims since 1980."
flywelltravel.co.uk,info@flywelltravel.co.uk,0116 273 9666,flywelltravel.co.uk,https://www.flywelltravel.co.uk,legitimate_interest,email_verified,23.92,"Specialist in Hajj, Umrah, Worldwide Flights, Package Tours, Holidays and Bespoke Honeymoon Packages"
Agence Hajj Omra Lyon,contact@france-makkah.com,+33 6 26 96 64 38,france-makkah.com,https://www.france-makkah.com/agence-hajj-omra-lyon,legitimate_interest,email_verified,21.25,Agence Hajj Omra Lyon
Departures with Verified Imams,support@go-together.co,,go-together.co,https://www.go-together.co/en-US/umrah-packages/from-tampa-fl,legitimate_interest,email_verified,16.25,Book authentic Umrah packages departing from Tampa. Join verified local imams for your spiritual journey to Mecca and Medina.  Muslims served.
Agence Omra & Hajj à Bruxelles,info@go2omra.be,+32 497 85 48 73,go2omra.be,https://www.go2omra.be,legitimate_interest,email_verified,21.25,"Go2Omra, agence Omra & Hajj à Bruxelles, vous accompagne pour vos voyages 2025-2026 : vols, 5★, demi-pension & encadrement spirituel."
OMRA & HAJJ depuis la France,hello@www.goodsafar.com,07 53 47 55 21,goodsafar.com,https://www.goodsafar.com,legitimate_interest,email_verified,21.25,Bienvenue chez GOOD SAFAR
Hadj en Umrah Vergelijken,info@hadjenumrah.nl,+316 17420624,hadjenumrahvergelijken.nl,https://hadjenumrahvergelijken.nl/umrah,legitimate_interest,email_verified,21.25,Bekijk Umrah 2026 prijzen. Een complete Umrah reis kost tussen de €1800 en €2500 per persoon. Umrah in de Ramadan of in April.
Haj,info@haj.co.uk,020 7286 1111,haj.co.uk,https://www.haj.co.uk,legitimate_interest,email_verified,25.25,Haj & Umra Travel provide Hajj and Umrah escorted tours as well as tailor made packages to suit different budgets. Specialists with decades of experience.
Hajj Umrah,office@hajj-umrah-check.com,+49 1577 0255540,hajj-umrah-check.com,https://hajj-umrah-check.com/en/umrah-packages-from-australia,legitimate_interest,email_verified,26.50,"Plan your Umrah packages from Australia the smart way: tailored , transparent pricing, and Umrah visa from Australia — Get your free quote now!"
Hajj Packages – ZamZam Hajj,info@hajj.com.au,1300 730 693,hajj.com.au,https://hajj.com.au/packages,legitimate_interest,email_verified,21.25,Hajj Packages
Hadj Omra Resor,bokning@hajj.se,072- 890 73 34,hajj.se,http://hajj.se/kontakta-oss,unknown,email_verified,21.25,"BEHÖVER DU HJÄLP

Kontakta oss nu! 
Behöver du hjälp? eller har du frågor och funderingar kring Omra eller Hadj? Tveka inte att höra av dig till oss, du kan alltid nå oss via telefon, mail eller komma och besöka oss på våra kontor, varmt"
Hajj and Umrah Experts,info@hajjandumrahexperts.co.uk,020 3475 4003 3,hajjandumrahexperts.co.uk,https://hajjandumrahexperts.co.uk/birmingham-umrah-packages,legitimate_interest,email_verified,25.70,Plan your pilgrimage with Birmingham Umrah Packages from UK 2026. Trusted Hajj and Umrah experts and smooth Birmingham departures.
Hajj & Umrah Trips,info@hajjandumrahtrips.com,,hajjandumrahtrips.com,https://hajjandumrahtrips.com/umrah-packages/chicago,legitimate_interest,email_verified,16.25,Umrah Packages From Chicago
"Travel Packages In Chicago, IL",hello@hajjmakkahtours.com,60659 (773) 338-0720,hajjmakkahtours.com,https://www.hajjmakkahtours.com,legitimate_interest,email_verified,26.43,"Welcome to Makkah Tours & Travel Inc. in Chicago, IL offering Tour Packages, Hajj Packages, Umrah Group, Umrah Packages and more."
Hajjochumra,hajjochomra@gmail.com,070-4955657,hajjochumra.com,https://www.hajjochumra.com,unknown,email_verified,21.25,"Välkommen till Hajjochumra.com, din expert på Hajj och Umrah-resor från Sverige. Upplev en personlig och andlig resa till Mekka och Medina med våra skräddarsydda paket, inklusive bekväma hotell och omfattande stöd under din resa. Planera din andliga färd med oss och försäkra dig om en minnesvärd och trygg pilgrimsfärd"
Hajj Umrah,info@hajjumrah.com.au,03) 9333-3079,hajjumrah.com.au,https://hajjumrah.com.au,legitimate_interest,email_verified,25.37,Hajj Umrah Travel Agency Hajj Umrah tours Company Australia Melbourne Cheap Affordable Packages holiday specials packages airfare flights Tours Travel Operators Melbourne Hajj Packages Umrah Tours from Australia
Hajj Umrah Hub,info@hajjumrahhub.com,571-800-0706,hajjumrahhub.com,https://www.hajjumrahhub.com/chicago-umrah-packages.html,legitimate_interest,email_verified,23.92,"Book all-inclusive Umrah packages from Chicago with flights, hotels, visa, and transport. Enjoy budget and luxury options with expert support for a stress-free pilgrimage."
Hajj Umrah Info,info@hajjumrahinfo.co.za,,hajjumrahinfo.co.za,https://www.hajjumrahinfo.co.za,legitimate_interest,email_verified,16.25,"Browse and compare Hajj and Umrah packages in South Africa. Compare by operator, stay length, hotel, package features. Find the perfect package to suit your needs."
Hajj Umrah Package,info@hajjumrahpackage.com,020-8124-8088 4,hajjumrahpackage.com,https://www.hajjumrahpackage.com,legitimate_interest,email_verified,21.25,"Umrah Packages for individual pilgrims, families, kids, and senior citizens from UK. Book all-inclusive Umrah deals with flights, hotels, visas, and transport."
Hajj Umrah Services,info@hajjumrahservices.co.uk,02) 038 921 821,hajjumrahservices.co.uk,https://hajjumrahservices.co.uk/leeds-umrah-packages,legitimate_interest,email_verified,21.25,We have helped thousands of pilgrims fulfil their spiritual journey through leeds umrah packages. Enjoy special discounts on booking with us!
Hajj Umrah Travels,info@hajjumrahtravels.co.uk,99 020 3048 4411,hajjumrahtravels.co.uk,https://hajjumrahtravels.co.uk/glasgow-umrah-packages,legitimate_interest,email_verified,25.44,Glasgow Umrah Packages​ is available at £739. We are a top-rated Umrah travel agency located in the UK. Get affordable Umrah packages in 2025
Haleema,sales@haleema.co.uk,0158 234 3075,haleema.co.uk,https://www.haleema.co.uk/umrah-birmingham/birmingham-umrah-packages,legitimate_interest,email_verified,25.81,"Birmingham Umrah Packages in 2026, lets travel with Haleema Limited for a secure and hassle-free journey."
Hilal Hajj and Umrah,hilalhajj@gmail.com,75074 (945) 900-2333,hilalhajj.com,https://hilalhajj.com,unknown,email_verified,21.25,"We strive to provide the best services to the guests of Allah. At Hilal Hajj & Umrah, our goal is to maintain, and exceed the highest quality  services offered by any licensed Hajj Agent in the United States. For over 20 years, we established ourselves as a market leaders in offering exceptional Hajj packages. Our uniq"
Hisar Tour Hajj Umrah,hisartour@uama.us,201-201-8992,hisartour.com,https://hisartour.com/package/hajj-package-chicago-ord-gold,unknown,email_verified,21.25,"Join our 14-day Hajj 2026 Gold Package from Chicago. Stay at Sheraton Makkah, View Hotel Madinah & Mina camp. Pre-register free."
Hisar Travel Australia,hisartravelau@gmail.com,+61 4 11 456 014,hisartravel.com.au,https://hisartravel.com.au/umrah,unknown,email_verified,25.20,"Explore affordable Umrah packages from Sydney, Melbourne, Perth & across Australia. Book your journey to the Holy Land with our trusted, seamless services."
Huda Umrah,hudaumrahservice@gmail.com,0434322656,hudaumrah.com.au,https://hudaumrah.com.au,unknown,email_verified,21.25,Huda Umrah Service
Ibadah Tours,info@ibadahtours.com,020 8004 6786,ibadahtours.com,https://www.ibadahtours.com/hajj-packages,legitimate_interest,email_verified,25.31,Follow the Messanger of Allah's words and start your pilgrimage to the House of Allah. Ibadah Tours have created Hajj packages to make this easy.
Islamic Center of Maryland,icmadmin@icomd.org,240) 715 1018,icomd.org,https://icomd.org/umrah,unknown,email_verified,21.25,ICM Annual Umrah
travels.de,info@ihsan-travels.com,+49 17666869080,ihsan-travels.de,https://ihsan-travels.de,legitimate_interest,email_verified,23.92,"Buche jetzt deine Umrah Reise ab Deutschland. Komplettpaket mit Flug, Hotel, Visa, Transfers & Betreuung. Persönlich & professionell."
Ikhlas Hajj & Umrah Services,info@ikhlas.ca,+1-416-754-0347,ikhlas.ca,https://www.ikhlas.ca,legitimate_interest,email_verified,25.44,"With 24+ years of experience, Ikhlas provides seamless Hajj & Umrah services. Travel with expert guidance and premium accommodations."
Indus Travel,info@industravel.dk,+45 3393 3060,industravel.dk,https://industravel.dk/en/home-best-travel-agency,legitimate_interest,email_verified,25.31,"Indus Travel leading travel agency for Hajj & Umrah in Denmark. We offer reliable umrah packages with flight, visa, hotel, transport & personal guidance."
Indus Travel,post@industravel.no,+4721423444,industravel.no,https://industravel.no,unknown,email_verified,25.06,"Indus Travel ledende reisebyrå for Hajj & Umrah i Norge. Vi tilbyr pålitelige umrah-pakker med fly, visum, hotell, transport og personlig veiledning."
International Hajj,info@internationalhajj.com,212) 967-9797,internationalhajj.com,https://internationalhajj.com/umrah-packages,legitimate_interest,email_verified,21.25,"Book Umrah packages from USA with flights, Umrah Visa, hotels, ground transportation, and Ziyarat tours. Call us now and book instantly."
Hajj/Umrah – ICC – Islamic Culture Centre,info@islamic.no,,islamic.no,https://www.islamic.no/kontakt-oss,legitimate_interest,email_verified,16.25,Kontakt oss
IFI Hajj and Umrah,info@islamicfoundation.ie,00 353 1) 4532 785,islamicfoundation.ie,https://islamicfoundation.ie/services/hajj-and-umrah,legitimate_interest,email_verified,24.91,"Every year, millions of Muslims worldwide make the journey to Makkah for the annual pilgrimage (Hajj). Dressed in the same simple white clothing to represent human equality, the pilgrims gather to..."
Islamic Travel,info@islamictravel.co.uk,0203-970-4500,islamictravel.co.uk,https://www.islamictravel.co.uk/cheap-hajj-packages.html,legitimate_interest,email_verified,25.31,"Looking for Cheap Hajj Packages 2026? Islamic Travel offers ATOL-protected Hajj packages from London, Manchester & Birmingham. All-inclusive 5-star & shifting deals available."
Islamic Travel,info@islamictravel.com.au,1800 960 785,islamictravel.com.au,https://islamictravel.com.au/trip/group-umrah-packages,legitimate_interest,email_verified,26.11,"Guided group Umrah packages. 10-day journey including flights, 5* hotels in Makkah and Madinah, Ziyarah, and visa support. Travel from anywhere."
islamictravelagency.co.uk,info@islamictravelagency.co.uk,+447951138405,islamictravelagency.co.uk,https://www.islamictravelagency.co.uk/birmingham-umrah-packages.html,legitimate_interest,email_verified,25.52,"Explore exclusive Birmingham Umrah Packages with Islamic Travel Agency. Perform Umrah from Birmingham, including flights, visa, hotels & transfers."
ITravelBest,info@itravelbest.com,972) 837-5009,itravelbest.com,https://www.itravelbest.com/umrah-agent/top-umrah-agencies-in-dallas-what-to-know-before-you-book,legitimate_interest,email_verified,25.15,"Embarking on the sacred journey of Umrah is a deeply spiritual and transformative experience. For many Muslims in Dallas, preparing for Umrah raises important"
IV Travel,info@ivtravel.ie,087 374 5622 62,ivtravel.org,https://ivtravel.org/contact,legitimate_interest,email_verified,27.67,Contact
Kaabah Tours,info@kaabahtours.com,437) 826-7786,kaabahtours.com,https://www.kaabahtours.com/toronto-umrah-packages.html,legitimate_interest,email_verified,21.25,"Book Umrah packages from Toronto with Kaabah Tours. All-inclusive 3, 4 & 5 star packages with flights, visa, hotels & transport. Trusted Canadian agency."
Karawan Hajj & Umrah,caravanhajj@hotmail.com,+1 (732) 225-4050 259,karwanhajj.com,https://karwanhajj.com/services/umrah-packages,unknown,email_verified,21.25,Umrah Packages
Kasbah Holidays,info@kasbahholidays.com,514) 225-3713,kasbahholidays.com,https://kasbahholidays.com,legitimate_interest,email_verified,21.25,Kasbah Holidays est une agence de voyage à Montréal spécialiste du pèlerinage offrant un séjour personnalisé et des forfaits Hajj et Omra.
Kasfah Hajj Travels,info@kasfahhajj.com,+1 (204)- 930-1352,kasfahhajj.com,https://kasfahhajj.com,legitimate_interest,email_verified,23.92,Kasfah Hajj Travels
King Travel Can Ltd,info@kingtravelcan.com,5464) 905-624-8555,kingtravelcan.com,https://kingtravelcan.com,legitimate_interest,email_verified,26.65,"Book Umrah packages from Canada with King Travel. Explore Hajj packages, flight deals, visa support, and trusted travel services for pilgrims across Canada."
Kiswa Travels Limited,info@kiswa-travels.com,+44 786 660 7607 359,kiswa-travels.com,https://www.kiswa-travels.com,legitimate_interest,email_verified,23.92,"Book affordable Hajj & Umrah packages from the UK with Kiswa Travels. Trusted Sheffield agency offering visa, flights, and hotel deals."
Kiswa Tours,contact@kiswatours.com,+1 289 222 2786,kiswatours.com,https://www.kiswatours.com/Umrah/umrah-package-january-2025,legitimate_interest,email_verified,21.25,"Umrah Package for January 2025 from Toronto, Edmonton, or Montreal. Get the best Umrah & Hajj 2025 packages, including visa from Canada."
Labayk Hajj,info@labaykhajj.ca,+1 613 371-6363,labaykhajj.ca,https://labaykhajj.ca/about-us,legitimate_interest,email_verified,25.44,"Labayk Hajj is the authorized Hajj and Umrah Travel agency for providing consular services for the Embassy of Saudi Arabia in Ottawa, Ontario, Canada."
Labbaik Hajj Umrah,info@labbaikhajjumrah.co.uk,02038656950 07598865272,labbaikhajjumrah.co.uk,https://www.labbaikhajjumrah.co.uk/umrah-packages-birmingham,legitimate_interest,email_verified,21.25,"Umrah Packages Birmingham 2026 include luxury to budget stays with flights, transport, and visa. Let's plan with Labbaik Hajj Umrah for Umrah from Birmingham."
Labbaik Hajj Umrah USA,info@labbaikhajjumrah.com,+17732321877,labbaikhajjumrah.com,https://www.labbaikhajjumrah.com,legitimate_interest,email_verified,25.37,"Being a Leading USA Travel Agency, Labbaik Hajj Umrah offers Hajj and Umrah Packages according to your needs, Contact Us: (773) 232-1877"
Lakemba Travel – Cheap Flights,info@lakembatravel.com.au,+61 2 9750 5000 8,lakembatravel.com.au,https://lakembatravel.com.au,legitimate_interest,email_verified,26.07,Over 27 years Experience in the Travel Industry
Last Stop Jannah,admin@laststopjannah.com.au,+61 475 019 872,laststopjannah.com.au,https://laststopjannah.com.au/packages,unknown,email_verified,21.25,"Explore 5-star Umrah packages from Melbourne for individuals, couples and youth groups. Limited spots for 2025."
EELAFHAJJ,ansergul@gmail.com,,leedshajj.com,https://leedshajj.com,unknown,email_verified,20.25,"We don’t just arrange travel; we ensure you are spiritually prepared. From scholar-led training sessions, easy-to-follow guides, to heartfelt duʿās and"
LMA Travel,info@lma.org.au,74 874 168 589,lma.org.au,https://www.lma.org.au/lma-travel,legitimate_interest,email_verified,25.87,"LMA Hajj & Umrah: Join our group pilgrimages to Mecca. Book your spiritual journey, register interest for upcoming trips. Trusted Muslim travel services in Australia since 1962."
London Hajj & Umrah,sales@london-travels.co.uk,020 33931701 10,london-hajj-umrah.com,https://london-hajj-umrah.com,legitimate_interest,email_verified,25.31,Looking for affordable hajj and umrah packages? London Travel are the best Hajj and umrah service provider based in London UK. Contact us at: 020 7993 0104.
Luton umrah Tours,webmaster@lutonumrahtours.com,,lutonumrahtours.com,https://lutonumrahtours.com/cgi-sys/suspendedpage.cgi,unknown,email_verified,16.25,Account Suspended Account Suspended This Account has been suspended. Contact your hosting provider for more information.
Madani Hajj,mail@madanihajj.com,0203 581 2112,madanihajj.com,https://madanihajj.com,unknown,email_verified,21.25,"The Prophet ﷺ said, “Whoever performs Hajj to this House and refrains from lewdness and sin returns as pure as on the day his mother gave birth to him.” (Bukhari & Muslim)"
madinatours.co.uk,info@madinatours.co.uk,+44 7880 473440,madinatours.co.uk,https://madinatours.co.uk/st_location/sheffield,legitimate_interest,email_verified,21.25,"Find the best Umrah & Hajj packages from Sheffield. Affordable deals, flights, and luxury stays. Book your spiritual journey today!"
Professional Travel Services,info@madinatravelnottingham.co.uk,0115 837 8626,madinatravelnottingham.co.uk,https://madinatravelnottingham.co.uk,legitimate_interest,email_verified,26.65,Your Journey Begins With Madina Travel
maidentraveltours.com,info@maidentraveltours.com,+27 726 921 381,maidentraveltours.com,https://maidentraveltours.com/umrah-packages,legitimate_interest,email_verified,23.92,Services
Makkah Tour,info@makkahtour.co.uk,0203-195-8700,makkahtour.co.uk,https://www.makkahtour.co.uk/umrah-packages-liverpool.php,legitimate_interest,email_verified,21.25,"Book Liverpool Umrah Packages with flights, accommodations, visa support, and local transport. Limited availability – Grab your spot today!"
Manitoba Dawah Center,manitobadc@gmail.com,204 219 9100 368,manitobadc.com,https://manitobadc.com,unknown,email_verified,21.25,March 20th 2026 Marks Eid Al-Fitr First Prayer at 8:30AM
MARAM TOURS & TRAVEL,manager@maramtravel.com,212)-523-0314,maramtravel.com,https://www.maramtravel.com,unknown,email_verified,25.10,Hajj & Umrah Agency Specializing in Hajj & Umrah Packages from USA for Over 25 Years. We offer Affordable Hajj Packages and Deluxe Hajj Packages. We offer Affordable as well as Deluxe Umrah Packages from USA and Canada. We offer Umrah packages from New York and offer Nationwide Umrah  Packages.
Hajj & Umrah Travel Agency,info@marhabamusafir.com,+47 400 62 436,marhabamusafir.com,https://marhabamusafir.com,legitimate_interest,email_verified,25.10,"Discover reliable and budget-friendly Hajj, Umrah, and Al-Aqsa mosque packages with Marhaba Musafir. Your trusted travel partner for affordable religious pilgrimages and historical tours. Book now!"
Masartomecca,info@masartomecca.com,+1 917-227-9341,masartomecca.com,https://masartomecca.com/umrah-packages-from-new-york,legitimate_interest,email_verified,25.20,"Book Umrah packages from New York with a trusted Umrah travel agency from New York. Affordable prices, flights, hotels, visa & full support."
https,info@mashaallahtrips.com,+44 2045 557 373 3,mashaallahtrips.com,https://mashaallahtrips.com/umrah/luton,legitimate_interest,email_verified,21.25,Book cheap Luton Umrah packages with the UK’s most trusted agents. Perfect offers & affordable deals starting from £775. Book now.
🕋 Medina Travel,info@mdinatravel.be,+32 494 31 30 00,medinatravel.be,https://medinatravel.be/about.php,legitimate_interest,email_verified,28.24,Medina Travel
"Medin Voyages, Agence Omra & Hajj 2026",contact@medinvoyages.com,+33 (0)6 51 50 64 86,medinvoyages.com,https://medinvoyages.com,legitimate_interest,email_verified,21.25,"Medin Voyages est une agence de voyages spécialisée dans l'organisation de Omras, toute l'année, au départ de Paris."
Mekka Travel,info@mekka-travel.com,+49 1575 5743087,mekka-travel.com,https://mekka-travel.com/umrah-frankfurt,legitimate_interest,email_verified,25.31,"Umrah Frankfurt 2026: Flug, Hotels Mekka & Medina, Visa & Transfers. Optional individuell ohne Gruppe. Jetzt unverbindlich anfragen!"
Hajj och Umrah,info@mforesor.com,46 010 300 10 70,mforesor.com,https://www.mforesor.com/kontakta-oss,legitimate_interest,email_verified,21.25,Behöver du hjälp med något specifikt eller har du några frågor som inte har besvarat på hemsidan är du välkommen att kontakta oss.
Miller's Travel and Tours,info@millerstravels.co.za,,millerstravels.co.za,https://millerstravels.co.za,legitimate_interest,email_verified,25.45,"Umrah packages from Cape Town â visa, flights & accommodation. Miller's Travel and Tours: trusted Saudi travel & international flights. Transparent pricing. Enquire on WhatsApp."
Miqat Hajj and Umrah trips,info@miqat.eu,+49 176 23633672,miqat.eu,https://www.miqat.eu/en,legitimate_interest,email_verified,21.25,"Exclusive HAJJ and UMRAH trips from Germany. Miqat's focus: style, outstanding service and first-class hotels such as the Mecca Clock Tower."
Mishkaat Norge AS,kundeservice@mishkaat.no,+47 91 22 11 00,mishkaat.no,https://mishkaat.no,unknown,email_verified,21.25,Mishkaat Norge er et av Norges ledende tilbyder av reiser til Saudi Arabia i form av Umrah eller Hajj. Vi kan også tilby skreddersydde pakker etter dine behov
Mithas Travel,info@mithastravel.co.za,+27 21 018 0530,mithastravel.co.za,https://www.mithastravel.co.za/middle-east/umrah,legitimate_interest,email_verified,21.25,"A journey to the holy city of Mecca in Saudi Arabia. Unlike Hajj, Umrah can be performed at any time of the year with our Umrah packages."
MK Hajj & Umrah Tours,info@mktours.co.nz,021 025 32786,mkhajjumrah.co.nz,https://mkhajjumrah.co.nz,legitimate_interest,email_verified,21.25,Premium Hajj & Umrah Tours
Department of Hajj And Umra,hajjandumra@muscoosa.org,+27 83 749 8338,muscoosa.org,https://muscoosa.org/hajjandumra/contact-us,unknown,email_verified,21.25,Contact Us
Muslimdirectory,info@muslimdirectory.co.nz,38-9009-0503270-00,muslimdirectory.co.nz,https://muslimdirectory.co.nz/listing-feature/umrah-packages,legitimate_interest,email_verified,21.25,Umrah Packages
Muslims Holy Travel,info@muslimsholytravel.co.uk,0203 900 0310,muslimsholytravel.co.uk,https://www.muslimsholytravel.co.uk/umrah-packages-luton,legitimate_interest,email_verified,25.31,"Book cheap Luton Umrah packages from the UK with flights, Haram hotels, transfers and visa support included. Book now!"
My Umrah,info@myumrah.eu,21734063466503,myumrah.eu,https://myumrah.eu,legitimate_interest,email_verified,25.52,"At MyUmrah, we are dedicated to making your sacred pilgrimage to Umrah and Hajj a seamless, spiritually enriching, and unforgettable experience. Based in"
Service Travel Agency,info@naasirtravel.com,+1 (604) 330-0307,naasirtravel.com,https://naasirtravel.com,legitimate_interest,email_verified,25.37,"Explore current packages, or plan your dream vacation with Naasir Travel. Specialists in Hajj, Umrah, and worldwide tours."
Nasser Travel,abdifatah@nassertravel.com,1-877-778-0277,nassertravel.com,http://www.nassertravel.com,unknown,email_verified,25.10,"Lorem ipsum dolor sit amet, consectetur adipisicing elit, sed do eiusmod tempor incididunt ut labore et  dolore magna incididunt ut labore aliqua."
Noble Hajj Umrah,info@noblehajjumrah.com,+32 465 70 45 62,noblehajjumrah.com,https://noblehajjumrah.com/contact,legitimate_interest,email_verified,25.31,"Contact Noble Hajj Umrah for Hajj, Umrah, and Islamic tour inquiries. Our team is here to assist you with travel bookings, package details, and personalized support."
Pilgrimage to Saudi Arabia (Umrah and Hajj),consular.riyadh@mfa.no,+966 (0)11 488 0854,norway.no,https://www.norway.no/en/saudi-arabia/norway-sa/pilgrimage-to-saudi-arabia-umrah-and-hajj,unknown,email_verified,21.25,Services and information
Noussouki Travel,reservation.noussouki@gmail.com,+33 (0) 1 79 36 01 66,noussoukitravel.com,https://www.noussoukitravel.com/contact,unknown,email_verified,26.23,Créer votre Omra sur mesure
Omra pour tous,contact@omrapourtous.com,+33) 04 84 89 65 51 15,omrapourtous.com,https://omrapourtous.com,legitimate_interest,email_verified,21.25,Ariane Voyages vous propose sur son site omrapourtous.com des forfaits Omra 2026 et 2027 pas chers avec une agence agréée
One More Holiday,info@onemoreholiday.com,+1 (571) - 484 3683 54,onemoreholiday.com,https://onemoreholiday.com/city/umrah-packages-from-dallas,legitimate_interest,email_verified,21.25,"Explore Umrah packages from Dallas with One More Holiday. Compare deals, customise your package, and get expert support for your journey."
Your One Stop Travel Shop,info@onestoptours.co.za,0860 109 500,onestoptours.co.za,https://onestoptours.co.za/categories/umrah,legitimate_interest,email_verified,26.65,Talk to an expert
OnpointTravels,admin@onpointtravels.com.au,1300 854 237,onpointtravels.com.au,https://www.onpointtravels.com.au/about-us,unknown,email_verified,26.70,"Discover OnPoint Travels, Australia’s trusted Hajj & Umrah travel partner. Offering guided, reliable, and affordable pilgrimage tour packages."
Pelerin Hajj,pelerinhajj@gmail.com,09 81 10 86 15,pelerinhajj.com,https://pelerinhajj.com,unknown,email_verified,21.25,"Omra 2026-2027 au départ de Paris, Marseille, Lyon, Bruxelles. Omra pas chère : découvrez nos meilleurs forfaits. Réservez vite au 09 81 10 86 15."
Plan Your Umrah,sales@planyourumrah.co.uk,0203 376 7604,planyourumrah.co.uk,https://planyourumrah.co.uk/umrah-packages-luton,legitimate_interest,email_verified,21.25,"Book cheap Umrah packages Luton 2025. Includes flights, visa, hotels, transportation, and more. Ideal for groups, families, couples, and women."
"Hajj, Umrah, Air Ticketing",info@qadritravel.com,+92 333 5118584,qadritravel.com,https://www.qadritravel.com,legitimate_interest,email_verified,26.42,Travel agency for Hajj and Umrah.
QAiD UMRAH,post@qaid.no,,qaid.no,https://www.qaid.no/umrah,unknown,email_verified,16.25,QAiD UMRAH PAKKEREISER
qiblatain.com,info@qiblatain.com,+19145200581,qiblatain.com,https://www.qiblatain.com/detroit-umrah-packages.html,legitimate_interest,email_verified,21.25,"Explore budget-friendly Umrah deals from Detroit with Qiblatain USA. 10+ years of experience, complete packages, and expert support. Women-only groups are available."
Qibla Travel,info@qiblatravel.com,+1 201-726-7525 12,qiblatravel.com,https://qiblatravel.com/umrah-packages-from-orlando,legitimate_interest,email_verified,26.23,Qibla Travel – Trusted Islamic Travel Services
Qibla Travels,info@qiblatravels.com,020 8558 4848,qiblatravels.com,https://www.qiblatravels.com/trusted-umrah-agency-in-leicester-all-inclusive-2026-deals,legitimate_interest,email_verified,23.92,Looking for Umrah agents in Leicester? Qibla Travels offers premium and economy Umrah packages with flights from EMA/BHX and luxury Makkah stays.
Rawda Tours Belgium,info@rawdatours.be,+32 492 475 686,rawdatours.be,https://www.rawdatours.be/contacteer-ons,legitimate_interest,email_verified,21.25,"Rawda Tours Belgium
https://www.rawdatours.be
Contacteer ons"
Saahal Travel,info@saahaltravel.com,+45 50 46 90 13,saahaltravel.com,https://www.saahaltravel.com,legitimate_interest,email_verified,25.44,"Welcome to Saahal Travel, your dedicated guide for one of the most profound journeys of your life. Based in the vibrant city of Mogadishu, Somalia, we specialize in crafting personalised Hajj and Umrah experiences that cater to your spiritual and logistical needs. Our mission is to make your pilgrimage as smooth and sp"
Umrah Package Archive,info@sadattravel.co.uk,01254 368193 87,sadathajjandumrah.com,https://sadathajjandumrah.com/umrah-packages,legitimate_interest,email_verified,21.25,Umrah Package
Salah Travels,info@salahtravels.com,+1 224 244 5040,salahtravels.com,https://salahtravels.com/umrah-packages-from-chicago,legitimate_interest,email_verified,23.92,"Salah Travels provides Umrah Packages from Chicago, committed to making your holy journey easy for you. we aim at doing everything for you."
Salsabil Travel,info@salsabiltravel.nl,010-4775614,salsabiltravel.nl,https://salsabiltravel.nl,legitimate_interest,email_verified,26.92,All-round reisbureau in Rotterdam
Haider Travel,hello@sdgzero.net,01254 659949,sdgzero.com,https://sdgzero.com/businesses/united-kingdom/england/blackburn/tourism-travel/haider-travel-travel-agency-blackburn-umrah-hajj-visa-flight-services,legitimate_interest,email_verified,25.84,"Discover Haider Travel - Travel Agency Blackburn | Umrah, Hajj, Visa, & Flight Services, a trusted Tourism & Travel in Blackburn. View services, c"
Hajj & Umrah Travel Agency Cape Town,info@shafiqstravel.co.za,+27 21 465 6260,shafiqstravel.co.za,https://shafiqstravel.co.za,legitimate_interest,email_verified,27.69,This has been my travel agent for the last 15 yrs since his late dad Shafiq who encouraged me to write a book.
Hajj & Umrah Services,info@shahtravel.co.uk,078664 10109,shahtravel.co.uk,https://www.shahtravel.co.uk,legitimate_interest,email_verified,21.25,Trusted Hajj & Umrah provider in Leeds since 2003 | We have helped thousands of pilgrims fulfil their spiritual journey. Book your tour with us today!
Shery Travels,info@sherytravels.com,+1 667-439-1263,sherytravels.com,https://sherytravels.com/umrah/usa-packages/chicago,legitimate_interest,email_verified,25.87,"Start your Umrah journey from Chicago with Shery Travels. Easy departures from O'Hare, group travel with Chicago's Muslim community, and full guidance for a smooth and spiritual pilgrimage."
Sky Bright Travel,skybrighttravel@mail.com,7 01274 043405,skybrighttravel.co.uk,https://skybrighttravel.co.uk/contact,unknown,email_verified,25.20,Have a question about travel plan. Contact us for assistance on airline tickets or other services — we value your journey.
Sohail Waqas Travel,info@sohailwaqas.com,+92 303 5655552,sohailwaqas.com,https://sohailwaqas.com/hajj-packages-australia-prices-services-trusted-agents,legitimate_interest,email_verified,25.06,"Discover 2025 Hajj packages from Australia with 5-star hotels, expert guidance, and affordable deals. Book with Sohail Waqas Travels for a seamless pilgrimage."
Al Huda Travel and Umrah Services Ltd,info@stcalhuda.com,+44 141 423 5400,stcalhuda.com,https://stcalhuda.com,legitimate_interest,email_verified,25.70,"Your Trusted Specialists for Umrah, Hajj, Al Aqsa, and  Worldwide Packages"
Sukoon Travels,info@sukoontravels.com,1-888-358-6724,sukoontravels.com,https://sukoontravels.com/hajj-packages-from-toronto,legitimate_interest,email_verified,23.92,"Book your Hajj from Toronto with Sukoon Travels. Enjoy expert guidance, visa assistance, and reliable service for a safe and fulfilling spiritual journey."
Sunnah Foundation Hajj & Umrah,labbayk@sunnahhajj.com,+1300 850 250,sunnahhajj.com,https://sunnahhajj.com,unknown,email_verified,21.25,"The Journey Of A Lifetime.
Hajj & Umrah Packages"
SUPER EAGLE TRAVEL,setravel2@gmail.com,410) 744-1222,supereagletravelinternational.com,https://supereagletravelinternational.com/about,unknown,email_verified,26.92,ABOUT US
Taibah Travels,info@taibahtravels.com,+1 (206) 848-5272,taibahtravels.com,https://taibahtravels.com/detroit-mi,legitimate_interest,email_verified,25.31,"Experience top Umrah services in Detroit, MI, with Taibah Travels, offering visa assistance, direct flights, and convenient packages for your pilgrimage needs."
TakeMeToUmrah.com,info@takemetoumrah.com,1-888-358-6724,takemetoumrah.com,https://takemetoumrah.com/umrah-packages-from-montreal,legitimate_interest,email_verified,25.31,"Book your Umrah from Montreal with Take Me To Umrah. Experience seamless travel, visa assistance, and trusted service for a spiritually rewarding journey."
Taqwa Tours LTD,info@taqwatours.co.uk,02071128005 4,taqwatours.co.uk,https://taqwatours.co.uk/umrah-packages-from-glasgow,legitimate_interest,email_verified,21.25,"Book cheap Umrah package from Glasgow. 5-star for 7-night Umrah in £875/pp 10 N:£975. 3-5 stars 7,14 & 21 days. Book now for £49."
Taqwa Tours,info@taqwatours.us,1 2 3 4 5 6 7 8 9 10 10,taqwatours.us,https://taqwatours.us/umrah-packages/dallas,legitimate_interest,email_verified,21.25,"Efficient, affordable Umrah packages from Dallas with visa, flights, and halal hotels"
Taqwa Travel,info@taqwatravel.co.uk,0203 195 8700,taqwatravel.co.uk,https://taqwatravel.co.uk/about-us.php,legitimate_interest,email_verified,25.52,"Discover Taqwa Travel, your trusted partner for affordable Umrah packages from the UK. Book your spiritual journey today!"
Tarik Ben Ziad,info@tarikbenziad.com,+49 173 6074894,tarikbenziad.com,https://tarikbenziad.com,legitimate_interest,email_verified,21.25,"Im Jahr 2005 wurde die Tarik Ben Ziad Company gegründet, um von Deutschland aus Hadsch- und Umrah-Reisen zu den ehrenvollsten Orten der Welt, der Großen Moschee und der Prophetenmoschee, zu organisieren."
Tarteel Travel,info@tarteeltravel.com,+1 (267)-536-0700,tarteeltravel.com,https://www.tarteeltravel.com/umrah-packages/houston,legitimate_interest,email_verified,23.92,"Book your Umrah from Houston with Tarteel Travel. Enjoy 5-star accommodation, expert guides, and a stress-free experience in the Holy Cities."
Tawfiq Hajj,hajj@tawfiq.co.za,+27 71 4688 444,tawfiq.co.za,https://www.tawfiq.co.za/hajj-packages,unknown,email_verified,21.25,
Tawhid Travel,info@tawhidvoyages.be,1014169642,tawhid-travel.be,https://www.tawhid-travel.be,legitimate_interest,email_verified,21.25,TAWHID VOYAGES est une Agence de Voyages spécialisée dans l'organisation du Hajj et de la Omra en groupe ou sur mesure.
Umrah & Hadj Pakketten 2026,contact@tayseer.nl,+31 40 750 2534,tayseer.nl,https://www.tayseer.nl,legitimate_interest,email_verified,21.25,"Boek uw betaalbare Umrah- of Hadj-reis vanuit Nederland & BelgiÃ« met Sunnah-gerichte begeleiding, kwalitatieve hotels en betrouwbare vliegtuigmaatschappijen. Reis zorgeloos naar Mekka en Medina."
Terrific Travels,office@terrifictravel.co.uk,+44 1215 291630,terrifictravel.co.uk,https://terrifictravel.co.uk,legitimate_interest,email_verified,26.23,Best Umrah Travel Agency in Birmingham - Terrific Travel
The Travel Daily,team@thetraveldaily.co.uk,,thetraveldaily.co.uk,https://www.thetraveldaily.co.uk/article/2024/03/28/three-best-travel-agencies-umrah-tours-manchester-affordable-packages,legitimate_interest,email_verified,19.71,"Umrah is a spiritual journey which requires complete peace of mind. Also, the right travel agency can make all the difference by providing a seamless experience. Here are three travel agencies that provide affordable and tailored solutions for your Umrah journey, all departing from Manchester. You can start your journe"
The Travel Registry,admin@thetravelregistry.com,+447883412335,thetravelregistry.com,https://thetravelregistry.com,unknown,email_verified,30.13,"Discover tailored travel experiences with The Travel Registry. Our expert team offers Umrah packages, holiday getaways, international flights, hotel bookings, and visa assistance. Enjoy competitive pricing and exceptional service for seamless and unforgettable travel experiences."
"Hajj, Umrah and Leisure Travel Services",info@itstimetotravel.co.za,021 001 2044,timetotravel.africa,https://timetotravel.africa,legitimate_interest,email_verified,25.02,"Time To Travel – Hajj, Umrah and Leisure Travel Services Home About Us Meet The Team Hotels Umrah Packages Umrah Groups Leisure Mauritius Kenya Contact Home About Us Meet The Team Hotels Umrah Packages Umrah Groups Leisure Mauritius Kenya Contact Time To Travel Established in December 2018, Our Company specializes in H"
De Trekvogel,info@trekvogel.be,+32 3 235 76 14,trekvogel.be,https://trekvogel.be,legitimate_interest,email_verified,21.25,"De Trekvogel info@trekvogel.be +32 3 235 76 14 Carnotstraat 129, 2060 Antwerpen, Belgium Home Umrah Ramadan Umrah Pakketten April Umrah Individual Umrah Reservation Hajj Tours Rotterdam Japan Safari Honeymoon Diensten Hajj & Umrah Vliegtickets Hotels Autoverhuur Stedentrips Resort-/All-inclusivevakanties B2B-Netwerk Co"
trips.pk,info@trips.pk,+92-3104-449-553,trips.pk,https://www.trips.pk/umrah/germany,legitimate_interest,email_verified,21.25,Page Not Found
Twf Hajj,am@ttw.co,+27 72 500 0188,twfhajj.com,https://www.twfhajj.com,unknown,email_verified,23.92,"TWF Hajj packages (South Africa) are designed to offer a truly personalised and compassionate approach, making every traveller feel supported at every stage of their journey"
umrah and hajj travel agency,info@ummahtravels.org,+1-980-349-3280,ummahtravels.org,https://ummahtravels.org/services,legitimate_interest,email_verified,25.06,Ummah Travels offers safe and affordable Hajj and Umrah journeys for East African communities and the Muslim Ummah. Experience spiritually fulfilling travel with our dedicated services tailored to your needs.
Umra Hajj Advisor,info@om-travels.com,3306 60 64 10 11,umrahajjadvisor.com,https://umrahajjadvisor.com/single-location-2/paris,legitimate_interest,email_verified,21.25,Paris - Find the Best Trusted Hajj & Umrah Agency Near You All Agencies Dashboard All Categories All Locations Blog Forum About Us Contact Us Account × Username or Email Address Password Remember Me Recover Password Log In Don't have an account? Sign Up Lost your password? Please enter your email address. You will rece
Customized Umrah Package Builder,support@umrahcompanions.com,+92 333 3862347,umrahcompanions.com,https://umrahcompanions.com/contact-us,legitimate_interest,email_verified,21.25,"Get Umrah packages for Hotels, Transport, Flights Visa bookings and much more as per your needs. We are your companion in the spiritual journey of Umrah."
UmrahDirect,info@umrahdirect.co.za,+27 21 555 2334,umrahdirect.co.za,https://umrahdirect.co.za/contact,legitimate_interest,email_verified,21.25,Get in Touch
Umrah Dost,info@umrahdost.com,+92 315 946 4767,umrahdost.com,https://umrahdost.com/umrah-packages-france-2025,legitimate_interest,email_verified,21.25,"A seamless Umrah journey from France with Umrah Dost. Choose from 3, 4, or 5 star packages, including flights, hotels, and transport."
UmrahHosting,info@umrahhosting.com,+966 56 648 3994,umrahhosting.com,https://umrahhosting.com/packages/usa/orlando,legitimate_interest,email_verified,23.92,"Start your sacred path from Orlando. We provide MCO pilgrims with luxury accommodations, private transfers, and the spiritual security of traveling with seasoned Makkah experts."
Umrah International,info@umrahinternational.com,214) 689-8139,umrahinternational.com,https://umrahinternational.com,legitimate_interest,email_verified,21.25,"Umrah International we are dedicated to making the sacred journey of Umrah a seamless and unforgettable experience for our fellow Muslims. Based in America, we take pride in being your trusted partner in providing comprehensive Umrah solutions, including airline tickets, visas, and tour packages. Umrah International -"
Umrah Leeds,info@umrahleeds.co.uk,0113 3720012,umrahleeds.co.uk,https://www.umrahleeds.co.uk,legitimate_interest,email_verified,25.52,"If you are looking for a trustworthy and affordable Islamic travel agency in the UK for Umrah, Umrah Packages Leeds can help."
Umrah Mubarak,info@umrahmubarak.co.uk,+44 20 3983 3065,umrahmubarak.co.uk,https://umrahmubarak.co.uk/umrah-packages/coventry,legitimate_interest,email_verified,21.25,"Book from our Umrah Packages from Coventry, UK, in December 2025! Customize All-Inclusive deals with 3, 4, and 5-star options, including flights and visa, to get the cheapest OFF-PEAK rates"
Umrah Packages Blackburn,info@umrahpackagesblackburn.co.uk,01254 460009,umrahpackagesblackburn.co.uk,https://umrahpackagesblackburn.co.uk,legitimate_interest,email_verified,25.52,"If you are looking for a trustworthy and affordable Islamic travel agency in the UK for Umrah, Umrah Packages Blackburn can help."
Umrah Packages London,info@umrahpackageslondon.com,020 30110793,umrahpackageslondon.com,https://umrahpackageslondon.com,legitimate_interest,email_verified,25.52,"If you are looking for a trustworthy and affordable Islamic travel agency in the UK for Umrah, Umrah Packages London can help."
Umrah Packages UK,info@umrahpackagesuk.com,+44 7404 037532,umrahpackagesuk.com,https://umrahpackagesuk.com/umrah-packages-leicester,legitimate_interest,email_verified,21.25,"Book all-inclusive Umrah Packages Leicester starting @ £250 with 3-5 star hotels near haram, Visa, flights, transport & ziyarat."
Umrah Traveller,info@umrahtraveller.co.uk,02031952836,umrahtraveller.co.uk,https://umrahtraveller.co.uk/umrah-packages-glasgow,legitimate_interest,email_verified,23.92,"Book your Umrah Packages Glasgow 2025 with the best agency Umrah Traveller. Offering Top-tier accommodation, flight, transport and customer support."
World of Travel by Irshad Malek,sales@worldoftravel.co.za,082 333 6086,worldoftravel.co.za,https://worldoftravel.co.za,legitimate_interest,email_verified,27.25,World of Travel by Irshad Malek
Worldwide Travel Tour Ism,info@worldwidetraveltourism.nz,+91 9711198463,worldwidetraveltourism.nz,https://www.worldwidetraveltourism.nz/umrah/packages-from-auckland,legitimate_interest,email_verified,21.25,"Most popular and recommended Umrah packages from Auckland, NewZealand. Get all-inclusive Umrah packages with direct flights, hotels in Mecca, Medina"
Ziyufalrahman,info@ziyufalrahman.co.uk,+44 161 949 4499,ziyufalrahman.co.uk,https://ziyufalrahman.co.uk/hajj-packages,legitimate_interest,email_verified,23.92,"Hajj packages 2026 from UK. Get affordable Hajj plans, hotels, transport, and guidance for your pilgrimage. Book now with Ziyuf Al Rahman UK."
Perfect Umrah and Travels Ltd,,020 8150 6556,2hajj.com,https://2hajj.com/umrah-packages-coventry,unknown,phone_verified,10.17,"Book affordable Umrah packages 2026 UK from £599. ATOL protected packages with flights, 4-5 star hotels near Haram, visa & Ziyarat. Perfect Umrah and Travels Ltd - Your trusted partner for spiritual journeys."
Hajj Umrah Travel Agents in London UK,,0203-195-8700 24,7-continentstravel.co.uk,https://www.7-continentstravel.co.uk/hajj-umrah,unknown,phone_verified,14.17,We are reliable hajj umrah travel agent in London 7 continents travel brings exclusive hajj umrah packages deals. Book now special hajj and umrah packages.
Adam Travel Canada,,50011127-28,adamtravel.ca,https://adamtravel.ca/about-adam-travel-canada,unknown,phone_verified,11.56,"Over the years, Adam Travel has successfully established itself as a leading provider of Hajj and Umrah Agent and Travel Packages. Office In Mississauga"
hidaayah,,0121 753 7890,al-hidaayah.travel,https://www.al-hidaayah.travel,unknown,phone_verified,7.50,"Whether you are looking for UK Hajj packages, UK umrah packages, Islamic holidays, or educational islamic tours, you can be sure to find them all with us."
Momin Hajj & Umrah Travels,,07714 790415,al-momin-hajj-umrah-travels.co.uk,https://www.al-momin-hajj-umrah-travels.co.uk,unknown,phone_verified,10.17,Al-Momin Hajj & Umrah Travels
AlBarkat Travels,,01163192480,albarkatumrah.co.uk,https://albarkatumrah.co.uk,unknown,phone_verified,11.69,"Welcome to AlBarkat Travels, a dedicated Hajj, Ziyarah, Umrah & Travel provider with extensive experience. Browse our latest tours and packages."
Alhamd Travel,,929)-833-1717,alhamdtravel.com,https://www.alhamdtravel.com/umrah-from-houston.html,unknown,phone_verified,10.17,"Start your Umrah journey from Houston with Alhamd Travel. Packages start at $1290, including flights from IAH, visa, hotels, transport & 24/7 support."
Haramain Travels,,+61 422 037 453,alharamaintravels.com.au,https://alharamaintravels.com.au/contact,unknown,phone_verified,10.17,Get In Touch
USA Best Hajj and Umrah Travel Agency,,929)-833-1717,alhateemtours.com,https://www.alhateemtours.com,unknown,phone_verified,13.22,"Plan your Hajj and Umrah with AlHateem Tours, a trusted Islamic travel agency in the USA, for affordable services and seamless pilgrimage experiences."
Alhijaz Travel,,+447951667896,alhijaztravel.com,https://www.alhijaztravel.com,unknown,phone_verified,11.50,"Book Umrah services from trusted Islamic travel agency in London, UK. Get All inclusive Hajj Umrah packages at lowest prices from best Islamic travel agency UK."
AlkabbaTravels,,+447366350606,alkabbatravels.com,https://www.alkabbatravels.com/birmingham,unknown,phone_verified,10.17,"Looking for affordable Umrah packages in Birmingham? Book now with AlkabbaTravels for trusted service, expert guidance, and great value."
Alkarim Travel & Tours,,6 1-403-454-8011,alkarimtraveltours.com,https://www.alkarimtraveltours.com/contact-us,unknown,phone_verified,12.48,Get in touch with Best Travel Agency in Calgary
Alkhair Travel,,+447481686598,alkhairtravel.co.uk,https://www.alkhairtravel.co.uk/book/umrah-packages-birmingham,unknown,phone_verified,11.03,"AlKhair Travel is your one-stop agency to plan & book Umrah packages from Birmingham with all necessary arrangements. Consult our Umrah experts to choose duration, schedule as per holidays, flights, departure airport, hotel, transport and other necessary arrangements as per your budget and comfort requirements. Avail e"
Al Madinah Hajj,,866-924-6065,almadinah.ca,https://www.almadinah.ca,unknown,phone_verified,11.13,"Al Madeena Travel, located in North York (GTA) , Ontario is proud to offer tours and flights packages to all people in the world and specially in North America, besides offering Hajj and Umrah packages to Muslims in Canada  . We at Al Madeena Travel ..."
Amax Travel,,+966 59 288 315 2255,amaxtravel.ca,https://www.amaxtravel.ca/contact,unknown,phone_verified,13.17,Send us a message
Trusted Umrah Agency in Maryland,,+1 202-674-8688,amluxtravels.com,https://amluxtravels.com/umrah-service,unknown,phone_verified,10.17,"Perform Umrah with peace of mind. Amlux Travels, a trusted umrah agency in Maryland, offers all-inclusive Umrah packageswith visa assistance, flights, and hotel reservations for a seamless pilgrimage."
Welcome to Best Life Tour and Travel,,+1 (416) 903-9250,bestlifetourandtravel.ca,https://www.bestlifetourandtravel.ca,unknown,phone_verified,11.16,"Best Life Tour and Travel, located in Mississauga, Ontario is proud to offer tours and flights packages to all people in the world and specially in North America, besides offering Hajj and Umrah packages to Muslims in Canada  . We at Best Life Tour ..."
Bismillah Tours,,929)-833-1717,bismillahtours.com,https://www.bismillahtours.com/houston-umrah-packages.html,unknown,phone_verified,7.50,Discover Affordable Umrah Packages from Houston - Reserve Your Spiritual Journey Now for a Memorable Experience!
Australia's Hajj & Umrah Specialist,,+61) 0414 97,bmatravel.com,https://www.bmatravel.com,unknown,phone_verified,7.50,Australia's Hajj & Umrah Specialist
Canada Umrah,,+1 (647) 704-2525,canadaumrah.com,https://canadaumrah.com,unknown,phone_verified,11.27,"Affordable Umrah Packages from Canada 2026. IATA certified travel agency offering economy to luxury packages with flights, hotels & visa. Book now from $1,295!"
Celebrity Hajj,,020 616 7899,celebrityhajj.nl,https://celebrityhajj.nl,unknown,phone_verified,7.50,"🕋 Celebrity Hajj, het hadj en umrah reisbureau van Nederland. 25 jaar ervaring met pelgrimreizen, pakketten voor ieder budget. Bekijk de website"
Cheetah Travel Australia Australia,,+61 475 001 002,cheetahtravel.com.au,https://cheetahtravel.com.au,unknown,phone_verified,11.23,"Join us for an unforgettable Umrah experience this September/November 2026 with Cheetah Travel Centre . Let us guide you through a spiritually enriching journey designed for your comfort, convenience, and connection."
Club Travel,,0289 57 57 909,clubtravel.ie,https://www.clubtravel.ie/contact-us,unknown,phone_verified,15.56,"Travel Agents Ireland, Travel Agents Dublin, Irish Travel Agents, Ireland Travel Agency, Dublin Travel Agency"
NOV UMRAH BY SOFIA,,1-866-327-7252,dstworldtravel.com,https://dstworldtravel.com/umrahfromboston,unknown,phone_verified,7.50,FEBRUARY UMRAH From Boston
"MK Hajj & Umrah Tours, Auckland (2026)",,+64212347019,findglocal.com,https://www.findglocal.com/NZ/Auckland/116015594415162/MK-Hajj-%26-Umrah-Tours,unknown,phone_verified,7.50,MK Hajj & Umrah Tours
Approved Hajj Travel Agents,,00971506506468,hajinformation.com,https://www.hajinformation.com/main/n72u01.htm,unknown,phone_verified,15.56,USA - Approved Hajj Travel Agents
Nusuk Hajj Platform,,20250824783,hajj.nusuk.sa,https://hajj.nusuk.sa,unknown,phone_verified,7.50,Nusuk Hajj Your Gateway to a Journey of a Lifetime
Hajj Omra,,+33 1 43 55 06 00,hajjomra.com,https://hajjomra.com/tour,unknown,phone_verified,7.50,PACKAGES
Hajj & Umrah Travel Agency,,+1 909 910 6650,happyumrah.com,https://happyumrah.com,unknown,phone_verified,16.75,Happy Umrah offers affordable umrah packages for 2025. Our pricing & 24/7 customer support make us top travel agency in U.S for umrah packages
iLink Tours,,+1-516-347-1175 15,ilinktours.com,https://ilinktours.com,unknown,phone_verified,11.45,"Travel with iLink Tours—your trusted Islamic holiday, Hajj & Umrah agency in USA. Affordable packages with flights, hotels, visa processing & ground transport included."
Rahmah Tours Umrah,,21244 (410) 747-4869,isb.org,https://isb.org/umrah,unknown,phone_verified,7.50,Al-Rahmah Tours Umrah: Registration
"Travel Express Hajj And Umrah Pty in Cape Town, Travel Agencies",,0 500 1000 5000,local.infobel.co.za,https://local.infobel.co.za/Packages/Pricing,unknown,phone_verified,7.50,In order to access the appropriate page.
Sure Mirage Travel,,+2731 208 4222,miragetravel.co.za,https://www.miragetravel.co.za/umrah_packages.html,unknown,phone_verified,12.06,"Sure Mirage Travel - Umrah Packages, travel with Sure Mirage Travel for the best package deals, local and international"
Moti Tours and Tourism,,0116 2372 520,motitours.co.uk,http://www.motitours.co.uk,unknown,phone_verified,11.69,Moti tours is one of the oldest hajj and umrah tour operator in leicester.specialized in hajj and umrah group packages.Call on 0116 2372 520
Nazda Welfare,,50 164 553 850,nazdawelfare.com.au,https://nazdawelfare.com.au/hajj-australia,unknown,phone_verified,7.50,Are you looking to perform hajj? Check out our Affordable Hajj Packages from Australia.
"Noussouki Travel – Agence de Hajj et Omra – OMRA 2024, 2025",,+33 7 71 72 17 17,noussouki-lyon.com,https://www.noussouki-lyon.com/contact,unknown,phone_verified,7.50,Contact
PARIS HAJJ,,0178 99 42 23,parishajjomra.com,https://parishajjomra.com/contact,unknown,phone_verified,7.50,"Contactez-nous, votre agence de voyage PARIS HAJJ à l'écoute.....programmes de OMRA et de HAJJ...Visite de Medine...... Contactez-nous.......contact....."
Hajj Umrah travel agents from UK,,+442071839663,perfectumrah.us,https://perfectumrah.us/hajj-package-from-newark-new-jersey.php,unknown,phone_verified,14.02,Looking for Hajj Packages from Newark New Jersey? Book with one of most trusted agent. We Deliver Best Value in lowest Prices.
Qibla Hajj Andumra,,+44 7848 888 938,qiblahajjandumra.com,https://qiblahajjandumra.com,unknown,phone_verified,7.50,Hajj
Reaa Travel and Tours Inc,,+1 (431) 997-3070,reaatravels.com,https://reaatravels.com,unknown,phone_verified,13.50,Reaa Travel and Tours Inc
SAFA TRAVEL,,+1-514-332-0137,safatravel.com,https://safatravel.com,unknown,phone_verified,11.27,"SAFA TRAVEL, located in Montreal - Québec is proud to offer Hajj and Umrah packages to Muslims in for this season. We at SAFA TRAVEL have the experience and knowledge to manage a successfull campaign through our years of experience."
Sahal Umrah & Hajj,,416-245-6937,sahalumrahhajj.com,https://www.sahalumrahhajj.com,unknown,phone_verified,7.50,"Hajj Umrah Home! If you're planning to go to Hajj or Umrah. Visit our web page: SahalUmrahhajj.com. Our offices are locating in Toronto, Canada."
Hajj & Umrah,,+64 21 286 9786,sama.co.nz,https://sama.co.nz/hajj-umrah,unknown,phone_verified,7.50,©Copyright © 2025 SAMA . All Rights are Reserved. Powered By Sparkwave Group.
Sara International Travel,,+1 718 848 1222 166,sarainternationaltravel.com,https://sarainternationaltravel.com/contact,unknown,phone_verified,13.50,Contact Sara International Travel
Sky Direct Travel,,01204 665 668,skydirecttravel.co.uk,https://skydirecttravel.co.uk/locations/leicester,unknown,phone_verified,13.50,Leicester
Skyfly,,+44) 1274 733 168,skyflybradford.com,https://skyflybradford.com,unknown,phone_verified,7.50,March Umrah Package 2026
"Alhijra Travel, Rotterdam",,036 820 0226 4 (10,tratratravel.nl,https://tratratravel.nl/nl-nl/i/6388-alhijra-travel,unknown,phone_verified,14.02,"Ontdek alle informatie over Alhijra Travel op TraTraTravel Nederland, de grootste Reisbureaus directory: contactgegevens, openingstijden en klantbeoordelingen."
Travel Agents10,,+64225669926,travelagents10.com,https://www.travelagents10.com/NZ/Auckland/622094094312458/Umrah-Package-New-Zealand,unknown,phone_verified,7.50,Umrah Package New Zealand
UAMA,,+1 347 605 1989,uama.us,https://uama.us/umrah,unknown,phone_verified,7.50,"HISAR TOUR × UAMA • From Dream to Reality, We Make It Happen"
Cheap Umrah Tours from £999,,0333 344 4202,umrahpackagesbradford.co.uk,https://umrahpackagesbradford.co.uk,unknown,phone_verified,7.50,"Best Umrah packages Bradford 2026 from £999. 12 affordable packages with flights, hotels, visa. Manchester & London departures. ATOL protected. Book Bradford's #1 Umrah specialist."
Hajj Umrah travel agents from UK,,+442071835226,umrahpackagescanada.com,https://www.umrahpackagescanada.com,unknown,phone_verified,13.86,"Book Economy to 5Star Umrah Packages Canada with Most Trusted Umrah Company. We have served more than 10,000 pilgrims and earned 5 Star Reviews."
Umrah Packageschicago,,+1 (312) 555-0147,umrahpackageschicago.com,https://umrahpackageschicago.com,unknown,phone_verified,11.40,Book trusted Umrah packages from Chicago to Makkah & Madinah. IATA-certified travel agency offering Economy to VIP packages. Flexible payments. Call +1-312-555-0147 today!
Umrah Packages France,,+33 1 23 45 67 89,umrahpackagesfrance.com,https://umrahpackagesfrance.com,unknown,phone_verified,7.50,"Best Umrah packages from France 2026. Economy to Luxury options from €999. Direct flights, 3-5 star hotels near Haram, visa included. Ramadan packages available. Book today!"
Umrah Packageshouston,,+1 (713) 555-8888,umrahpackageshouston.com,https://umrahpackageshouston.com,unknown,phone_verified,7.50,"Book affordable Umrah packages from Houston to Makkah & Madinah. IATA certified, all-inclusive deals starting at $2,499. Visa, flights, hotels & more. Call now!"
Umrah Packagesmontreal,,+1 (514) 555-1234,umrahpackagesmontreal.com,https://umrahpackagesmontreal.com,unknown,phone_verified,7.50,"Book comprehensive Umrah packages from Montreal to Mecca & Medina. TICO registered, IATA certified. 6 package options starting from $2,999. Expert guidance, 5-star hotels, visa assistance included."
Umrah Packagesnetherlands,,+31 10 234 5678,umrahpackagesnetherlands.com,https://umrahpackagesnetherlands.com,unknown,phone_verified,8.20,"Book affordable Umrah packages from Netherlands to Makkah & Madinah. IATA certified, 5-star hotels, direct flights. Starting €1,995. Family & group discounts available."
Umrah Packagesnewyork,,+1 (917) 555-1234,umrahpackagesnewyork.com,https://umrahpackagesnewyork.com,unknown,phone_verified,11.27,"Book affordable Umrah packages from New York to Makkah & Madinah. IATA certified travel agency offering 6 package options starting at $2,899. Call now for 2026 deals!"
Umrah Packagesnorway,,+47 22 50 55 00,umrahpackagesnorway.com,https://umrahpackagesnorway.com,unknown,phone_verified,7.50,"Book affordable Umrah packages from Norway 2026. Direct flights from Oslo, Bergen & Stavanger. Premium hotels near Haram. Starting NOK 14,999. Licensed & certified."
Umrah Packagestoronto,,+1 (416) 555-1234,umrahpackagestoronto.com,https://umrahpackagestoronto.com,unknown,phone_verified,7.50,"Book comprehensive Umrah packages from Toronto to Mecca & Medina. TICO registered, IATA certified. 6 package options starting from $2,999. Expert guidance, 5-star hotels, visa assistance included."
Umrah Xpress,,+44 7307 314792,umrahxpress.co.uk,https://umrahxpress.co.uk/umrah-packages-bradford,unknown,phone_verified,11.56,"Choose Umrah Xpress for reliable and affordable Umrah Packages from Bradford. Enjoy travel, comfortable hotels near Haram, and complete support from start to end."
A Travel Agent In Moortown,,07866 410109,yorkshire.com,https://www.yorkshire.com/moortown/services/travel-agents/shah-travel-hajj-umrah,unknown,phone_verified,14.29,"<p>Shah Travel Hajj & Umrah is a well-regarded travel agency situated in Moortown, Leeds, specialising in expertly organised Hajj and Umrah pilgrimages. Wi..."
Yuusr,,+44 333 355 5212,yuusr.com,https://yuusr.com/en/umrah/uk/birmingham,unknown,phone_verified,7.50,Book Umrah from Birmingham Airport. Excellent connections via Emirates & Turkish Airlines. Perfect for Midlands pilgrims. ATOL protected.
Zaitoon Travel,,447868692740,zaitoontravel.co.uk,https://www.zaitoontravel.co.uk/book/umrah-packages-nottingham,unknown,phone_verified,11.10,"As a Nottingham Muslim, planning to go on a comfort-filled and hassle-free Umrah tour in 2026? You’ve come to right site! We’ve got a range of Umrah packages Nottingham across 2026 to share with you. December Umrah packages, October Umrah packages, August Umrah Packages, April Umrah packages, February Umrah Packages, S"
